Street Name,Zip Code
Acorn Lane,04021
Allens Court Way,04021
Amandas Way,04021
Andrea Way,04021
Anglers Drive,04021
Apple Blossom Way Pvt,04021
Arcadian Lane,04021
Archer Lane,04021
Aspen Crest Road,04021
Astrid Drive,04021
Balsam Drive,04021
Baptist Road,04021
Bayberry Lane,04021
Bea Lane,04021
Bittersweet Lane,04021
Black Oak Drive,04021
Blackberry Lane,04021
Blackstrap Road,04021
Blanchard Road,04021
Broadmoor Drive,04021
Brook Road,04021
Brookside Drive,04021
Browning Way,04021
Bruce Hill Road,04021
Butterworth Farm Road,04021
Candlewick Lane,04021
Candlewick Road,04021
Carol Street,04021
Catalpa Lane,04021
Chets Way,04021
Cider Hill Lane,04021
Corey Road,04021
Cottage Farms,04021
Cottage Farms Road,04021
Country Charm Road,04021
Cranberry Lane,04021
Crestwood Drive,04021
Crestwood Road,04021
Cross Road,04021
Crossing Brook Road,04021
Crystal Lane,04021
Cumberland Cmn,04021
Daffodil Lane,04021
Deer Run Drive,04021
Doughty Road,04021
Drowne Road,04021
Edes Road,04021
Evergreen Lane,04021
Farms Edge,04021
Farwell Avenue,04021
Field Road,04021
Flintlock Drive,04021
Forest Avenue,04021
Forest Lake Road,04021
Forest Lane,04021
Fox Run Road,04021
Frankie Lane,04021
Friar Lane,04021
Frost Ridge Drive,04021
Frye Drive,04021
Gayles Way,04021
George Road,04021
Glenview Road,04021
Goose Pond Road,04021
Gray Road,04021
Greely Road,04021
Grove Street,04021
Harmon Way,04021
Harris Road,04021
Hawthorne Circle,04021
Hazeltine Drive,04021
Heather Lane,04021
Hedgerow Drive,04021
Hemlock Drive,04021
Highland Avenue,04021
Hillcrest Drive,04021
Hillside Avenue,04021
Hilltop Road,04021
Holly Drive,04021
Homestead Lane,04021
Hopes Way,04021
Hunter Way,04021
Interurban Drive,04021
Intimidator Lane,04021
Island Avenue,04021
Jessies Lane,04021
Juniper Lane,04021
Jusam Way,04021
Karole Lane,04021
Kathy Lane,04021
Kerri Drive,04021
Knight's Pond Drive,04021
Labrador Lane,04021
Lake Road,04021
Laurel Lane,04021
Lawn Avenue,04021
Liberty Lane,04021
Linda Street,04021
Linden Court,04021
Lockwood Lane,04021
Longview Street,04021
Longwoods Road,04021
Lower Methodist Road,04021
Lupine Lane,04021
Main Street,04021
Maloneys Ridge Way,04021
Maple Street,04021
Marion Circle,04021
Maurice Way,04021
Mayflower Drive,04021
Meadow Lane,04021
Meadow Way,04021
Meadowview Road,04021
Mere Wind Drive,04021
Merion Way,04021
Middle Road,04021
Mill Ridge Road,04021
Mill Road,04021
Morgan Way,04021
Muirfield Road,04021
Mulberry Lane,04021
Mustang Lane,04021
Neba Way,04021
New Gray Road,04021
Newell Ridge Road,04021
Oak Ridge Road,04021
Oak Street,04021
Oakridge Road,04021
October Farm Lane,04021
Old Colony Road,04021
Old Farm Road,04021
Old Gray Road,04021
Olivia Lane,04021
Orchard Road,04021
Partridge Drive,04021
Philip Street,04021
Philips Street,04021
Pinewood Drive,04021
Pleasant Valley Road,04021
Pond Shore Drive,04021
Porcupine Ridge,04021
Preston Way,04021
Prince Street,04021
Puddle Duck Drive,04021
Range,04021
Range Road,04021
Range Way,04021
Rangers Way,04021
Ridge Road,04021
Rock Ridge Run,04021
Rosa Way,04021
Rose Drive,04021
Santiago Way,04021
Sawyer Lane,04021
Schuster Road,04021
Serenity Way,04021
Settlers Trail,04021
Shady Brook Drive,04021
Shady Run Lane,04021
Shaw Farm Road,04021
Shirley Lane,04021
Skillin Road,04021
Snow Farm Way,04021
Sophie's Way,04021
Sparhawk Lane,04021
Spring Road,04021
Stanhope Lane,04021
State Route 100,04021
State Route 26,04021
State Route 9,04021
Stirling Way,04021
Stockholm Drive,04021
Stockholn Drive,04021
Stonewall Drive,04021
Stratton Woods Lane,04021
Strawberry Ridge Lane,04021
Sturbridge Lane,04021
Sunnyfield Lane,04021
Sunset Ridge,04021
Tall Pines Way,04021
Tammy Lane,04021
Thomes Way,04021
Thurston Lane,04021
Timber Lane,04021
Turkey Lane,04021
Turnberry Drive,04021
Tuttle Road,04021
Union Road,04021
Upper Methodist Road,04021
Val Halla Road,04021
Valley Road,04021
Village Way,04021
W Falmouth Road,04021
Westmore Avenue,04021
Whispering Pines Road,04021
Whitetail Road,04021
Wild Apple Lane,04021
Wild Way,04021
Willow Lane,04021
Wilson Road,04021
Windy Hollow Way,04021
Winn Road,04021
Winterberry Court,04021
Wood Circle,04021
Woodlands Way,04021
Woodside Drive,04021
Woody Creek Lane,04021
Wyman Way,04021